name,abbreviation,staff_tests,prisoner_tests,total_staff_cases,total_prisoner_cases,total_staff_deaths,total_prisoner_deaths,date,week_num
Alabama,AL,,,1.0,0.0,0.0,0.0,2020-03-26,2020-13
Alabama,AL,,17.0,2.0,0.0,0.0,0.0,2020-03-31,2020-14
Alabama,AL,,30.0,,0.0,0.0,0.0,2020-04-06,2020-15
Alabama,AL,,50.0,6.0,0.0,0.0,0.0,2020-04-13,2020-16
Alabama,AL,,63.0,8.0,4.0,0.0,1.0,2020-04-21,2020-17
Alabama,AL,,78.0,13.0,4.0,0.0,1.0,2020-04-28,2020-18
Alabama,AL,,102.0,17.0,8.0,0.0,1.0,2020-05-06,2020-19
Alaska,AK,,4.0,0.0,0.0,0.0,0.0,2020-03-26,2020-13
Alaska,AK,,10.0,0.0,0.0,0.0,0.0,2020-04-01,2020-14
Alaska,AK,,15.0,,0.0,,0.0,2020-04-08,2020-15
Alaska,AK,,32.0,7.0,0.0,0.0,0.0,2020-04-15,2020-16
Alaska,AK,,57.0,8.0,0.0,0.0,0.0,2020-04-22,2020-17
Alaska,AK,,211.0,,1.0,,,2020-04-29,2020-18
Alaska,AK,,235.0,8.0,1.0,0.0,0.0,2020-05-06,2020-19
Arizona,AZ,,15.0,,0.0,0.0,0.0,2020-03-26,2020-13
Arizona,AZ,,34.0,,0.0,0.0,0.0,2020-04-01,2020-14
Arizona,AZ,,68.0,,2.0,,,2020-04-09,2020-15
Arizona,AZ,,91.0,,17.0,,,2020-04-15,2020-16
Arizona,AZ,,172.0,,35.0,,,2020-04-22,2020-17
Arizona,AZ,,210.0,,50.0,,2.0,2020-04-29,2020-18
Arizona,AZ,,277.0,52.0,69.0,0.0,5.0,2020-05-06,2020-19
Arkansas,AR,0.0,0.0,0.0,0.0,0.0,0.0,2020-03-26,2020-13
Arkansas,AR,,1.0,1.0,0.0,0.0,0.0,2020-04-01,2020-14
Arkansas,AR,,,7.0,0.0,0.0,0.0,2020-04-07,2020-15
Arkansas,AR,,,35.0,61.0,0.0,0.0,2020-04-14,2020-16
Arkansas,AR,,1124.0,25.0,731.0,0.0,0.0,2020-04-21,2020-17
Arkansas,AR,647.0,1855.0,95.0,923.0,0.0,0.0,2020-04-28,2020-18
Arkansas,AR,,,127.0,944.0,0.0,5.0,2020-05-07,2020-19
California,CA,,166.0,9.0,1.0,0.0,0.0,2020-03-26,2020-13
California,CA,,266.0,27.0,8.0,0.0,0.0,2020-04-01,2020-14
California,CA,,421.0,62.0,25.0,0.0,0.0,2020-04-08,2020-15
California,CA,,593.0,81.0,69.0,0.0,0.0,2020-04-15,2020-16
California,CA,,676.0,97.0,135.0,0.0,1.0,2020-04-22,2020-17
California,CA,,1220.0,137.0,205.0,0.0,1.0,2020-04-29,2020-18
California,CA,,1551.0,169.0,398.0,0.0,1.0,2020-05-06,2020-19
Colorado,CO,,,1.0,0.0,0.0,0.0,2020-03-26,2020-13
Colorado,CO,,17.0,3.0,0.0,0.0,0.0,2020-04-02,2020-14
Colorado,CO,,22.0,6.0,1.0,0.0,0.0,2020-04-09,2020-15
Colorado,CO,,27.0,8.0,3.0,0.0,0.0,2020-04-15,2020-16
Colorado,CO,,36.0,9.0,9.0,0.0,0.0,2020-04-21,2020-17
Colorado,CO,,518.0,18.0,256.0,0.0,0.0,2020-04-30,2020-18
Colorado,CO,,1067.0,25.0,310.0,0.0,1.0,2020-05-07,2020-19
Connecticut,CT,,,,,0.0,0.0,2020-03-27,2020-13
Connecticut,CT,,37.0,3.0,2.0,0.0,0.0,2020-04-01,2020-14
Connecticut,CT,,124.0,52.0,46.0,0.0,0.0,2020-04-07,2020-15
Connecticut,CT,,,139.0,199.0,0.0,1.0,2020-04-15,2020-16
Connecticut,CT,,,244.0,321.0,0.0,1.0,2020-04-22,2020-17
Connecticut,CT,,,326.0,417.0,,3.0,2020-04-29,2020-18
Connecticut,CT,,,358.0,478.0,0.0,6.0,2020-05-06,2020-19
Delaware,DE,,4.0,0.0,0.0,0.0,0.0,2020-03-24,2020-13
Delaware,DE,,5.0,0.0,0.0,0.0,0.0,2020-04-01,2020-14
Delaware,DE,,,6.0,2.0,0.0,0.0,2020-04-08,2020-15
Delaware,DE,,,18.0,13.0,0.0,0.0,2020-04-15,2020-16
Delaware,DE,,136.0,26.0,41.0,0.0,1.0,2020-04-22,2020-17
Delaware,DE,,200.0,38.0,67.0,0.0,3.0,2020-04-28,2020-18
Delaware,DE,301.0,267.0,64.0,125.0,0.0,3.0,2020-05-07,2020-19
Federal,US,,,8.0,10.0,0.0,0.0,2020-03-26,2020-13
Federal,US,,,37.0,60.0,0.0,3.0,2020-04-01,2020-14
Federal,US,,,92.0,275.0,0.0,8.0,2020-04-08,2020-15
Federal,US,,,280.0,468.0,0.0,16.0,2020-04-15,2020-16
Federal,US,,,342.0,590.0,0.0,24.0,2020-04-22,2020-17
Federal,US,,,475.0,1979.0,0.0,31.0,2020-04-29,2020-18
Federal,US,,,514.0,2701.0,0.0,42.0,2020-05-06,2020-19
Florida,FL,,,7.0,0.0,0.0,0.0,2020-03-27,2020-13
Florida,FL,,,12.0,0.0,0.0,0.0,2020-04-01,2020-14
Florida,FL,,,40.0,5.0,0.0,0.0,2020-04-08,2020-15
Florida,FL,,292.0,58.0,42.0,,2.0,2020-04-15,2020-16
Florida,FL,,387.0,102.0,136.0,0.0,4.0,2020-04-22,2020-17
Florida,FL,,447.0,143.0,202.0,0.0,5.0,2020-04-29,2020-18
Florida,FL,,805.0,180.0,393.0,0.0,7.0,2020-05-06,2020-19
Georgia,GA,,,,4.0,0.0,1.0,2020-03-26,2020-13
Georgia,GA,,,12.0,11.0,0.0,1.0,2020-04-01,2020-14
Georgia,GA,,,40.0,42.0,0.0,2.0,2020-04-09,2020-15
Georgia,GA,,,59.0,67.0,1.0,3.0,2020-04-15,2020-16
Georgia,GA,,,77.0,155.0,1.0,4.0,2020-04-22,2020-17
Georgia,GA,,,86.0,228.0,1.0,8.0,2020-04-29,2020-18
Georgia,GA,,,100.0,316.0,1.0,10.0,2020-05-06,2020-19
Hawaii,HI,,,0.0,0.0,0.0,0.0,2020-03-26,2020-13
Hawaii,HI,,,0.0,0.0,0.0,0.0,2020-04-01,2020-14
Hawaii,HI,,2.0,,0.0,,0.0,2020-04-08,2020-15
Hawaii,HI,,5.0,0.0,0.0,0.0,0.0,2020-04-15,2020-16
Hawaii,HI,,14.0,0.0,0.0,0.0,0.0,2020-04-22,2020-17
Hawaii,HI,,16.0,0.0,0.0,0.0,0.0,2020-04-29,2020-18
Hawaii,HI,,20.0,0.0,0.0,0.0,0.0,2020-05-06,2020-19
Idaho,ID,2.0,10.0,0.0,0.0,0.0,0.0,2020-03-26,2020-13
Idaho,ID,10.0,14.0,0.0,0.0,0.0,0.0,2020-04-01,2020-14
Idaho,ID,24.0,21.0,2.0,0.0,0.0,0.0,2020-04-08,2020-15
Idaho,ID,41.0,24.0,2.0,0.0,0.0,0.0,2020-04-15,2020-16
Idaho,ID,51.0,27.0,3.0,0.0,0.0,0.0,2020-04-21,2020-17
Idaho,ID,62.0,34.0,4.0,0.0,0.0,0.0,2020-04-29,2020-18
Idaho,ID,68.0,47.0,5.0,0.0,0.0,0.0,2020-05-05,2020-19
Illinois,IL,,13.0,3.0,3.0,0.0,0.0,2020-03-25,2020-13
Illinois,IL,,239.0,25.0,52.0,0.0,1.0,2020-04-01,2020-14
Illinois,IL,,,79.0,112.0,,2.0,2020-04-08,2020-15
Illinois,IL,,,124.0,146.0,0.0,8.0,2020-04-16,2020-16
Illinois,IL,,,139.0,148.0,0.0,10.0,2020-04-22,2020-17
Illinois,IL,,,149.0,155.0,0.0,10.0,2020-04-29,2020-18
Illinois,IL,,600.0,157.0,176.0,0.0,12.0,2020-05-06,2020-19
Indiana,IN,,,,0.0,0.0,0.0,2020-03-26,2020-13
Indiana,IN,,,,5.0,0.0,0.0,2020-04-01,2020-14
Indiana,IN,,,20.0,10.0,0.0,0.0,2020-04-08,2020-15
Indiana,IN,,,55.0,34.0,0.0,1.0,2020-04-15,2020-16
Indiana,IN,,,101.0,238.0,0.0,3.0,2020-04-22,2020-17
Indiana,IN,,,159.0,334.0,2.0,7.0,2020-04-29,2020-18
Indiana,IN,889.0,844.0,234.0,500.0,2.0,13.0,2020-05-06,2020-19
Iowa,IA,,,0.0,0.0,0.0,0.0,2020-03-26,2020-13
Iowa,IA,,15.0,0.0,0.0,0.0,0.0,2020-04-01,2020-14
Iowa,IA,,23.0,0.0,0.0,0.0,0.0,2020-04-08,2020-15
Iowa,IA,,59.0,1.0,0.0,0.0,0.0,2020-04-15,2020-16
Iowa,IA,,182.0,3.0,12.0,0.0,0.0,2020-04-22,2020-17
Iowa,IA,,277.0,5.0,15.0,0.0,0.0,2020-04-29,2020-18
Iowa,IA,,433.0,11.0,21.0,0.0,0.0,2020-05-06,2020-19
Kansas,KS,,0.0,0.0,0.0,0.0,0.0,2020-03-26,2020-13
Kansas,KS,,0.0,3.0,0.0,0.0,0.0,2020-04-01,2020-14
Kansas,KS,,,14.0,12.0,0.0,0.0,2020-04-09,2020-15
Kansas,KS,,,24.0,21.0,0.0,0.0,2020-04-15,2020-16
Kansas,KS,,,61.0,52.0,0.0,0.0,2020-04-22,2020-17
Kansas,KS,,,79.0,81.0,0.0,2.0,2020-04-29,2020-18
Kansas,KS,,,96.0,615.0,0.0,3.0,2020-05-06,2020-19
Kentucky,KY,,,,,,,2020-03-26,2020-13
Kentucky,KY,,,,,,,2020-04-01,2020-14
Kentucky,KY,,,5.0,9.0,0.0,0.0,2020-04-09,2020-15
Kentucky,KY,81.0,44.0,13.0,18.0,0.0,0.0,2020-04-15,2020-16
Kentucky,KY,,,15.0,19.0,0.0,1.0,2020-04-22,2020-17
Kentucky,KY,,,30.0,47.0,0.0,2.0,2020-04-29,2020-18
Kentucky,KY,,,51.0,340.0,0.0,2.0,2020-05-06,2020-19
Louisiana,LA,,32.0,2.0,0.0,0.0,0.0,2020-03-26,2020-13
Louisiana,LA,,,5.0,14.0,0.0,0.0,2020-04-01,2020-14
Louisiana,LA,,,32.0,33.0,0.0,0.0,2020-04-08,2020-15
Louisiana,LA,,,55.0,65.0,1.0,0.0,2020-04-15,2020-16
Louisiana,LA,,,78.0,120.0,3.0,2.0,2020-04-22,2020-17
Louisiana,LA,,,104.0,273.0,3.0,3.0,2020-04-29,2020-18
Louisiana,LA,,,120.0,338.0,3.0,4.0,2020-05-06,2020-19
Maine,ME,,,,0.0,0.0,0.0,2020-03-26,2020-13
Maine,ME,,11.0,,0.0,0.0,0.0,2020-04-01,2020-14
Maine,ME,,15.0,1.0,0.0,0.0,0.0,2020-04-08,2020-15
Maine,ME,,17.0,1.0,0.0,0.0,0.0,2020-04-15,2020-16
Maine,ME,,17.0,1.0,0.0,0.0,0.0,2020-04-22,2020-17
Maine,ME,,23.0,1.0,0.0,0.0,0.0,2020-04-29,2020-18
Maine,ME,,23.0,1.0,0.0,0.0,0.0,2020-05-06,2020-19
Maryland,MD,,,,0.0,0.0,0.0,2020-03-26,2020-13
Maryland,MD,,,14.0,3.0,0.0,0.0,2020-04-03,2020-14
Maryland,MD,,,22.0,10.0,0.0,0.0,2020-04-09,2020-15
Maryland,MD,,,47.0,18.0,0.0,1.0,2020-04-13,2020-16
Maryland,MD,,,127.0,45.0,0.0,1.0,2020-04-22,2020-17
Maryland,MD,,,174.0,52.0,0.0,2.0,2020-04-29,2020-18
Maryland,MD,,,183.0,61.0,0.0,2.0,2020-05-04,2020-19
Massachusetts,MA,,,4.0,9.0,0.0,0.0,2020-03-26,2020-13
Massachusetts,MA,,,7.0,20.0,0.0,0.0,2020-04-01,2020-14
Massachusetts,MA,,,26.0,46.0,0.0,3.0,2020-04-08,2020-15
Massachusetts,MA,,,42.0,90.0,0.0,4.0,2020-04-15,2020-16
Massachusetts,MA,,296.0,93.0,127.0,0.0,7.0,2020-04-22,2020-17
Massachusetts,MA,,747.0,120.0,257.0,0.0,7.0,2020-04-29,2020-18
Massachusetts,MA,,1906.0,151.0,351.0,0.0,7.0,2020-05-06,2020-19
Michigan,MI,,,,24.0,0.0,0.0,2020-03-26,2020-13
Michigan,MI,,,25.0,122.0,1.0,1.0,2020-04-01,2020-14
Michigan,MI,,460.0,137.0,305.0,2.0,2.0,2020-04-08,2020-15
Michigan,MI,,748.0,181.0,481.0,2.0,13.0,2020-04-15,2020-16
Michigan,MI,,1089.0,230.0,717.0,2.0,25.0,2020-04-22,2020-17
Michigan,MI,,3117.0,268.0,1412.0,2.0,41.0,2020-04-29,2020-18
Michigan,MI,,8113.0,293.0,2073.0,2.0,47.0,2020-05-06,2020-19
Minnesota,MN,0.0,0.0,0.0,0.0,0.0,0.0,2020-03-26,2020-13
Minnesota,MN,,28.0,1.0,3.0,0.0,0.0,2020-04-01,2020-14
Minnesota,MN,,40.0,,9.0,0.0,0.0,2020-04-07,2020-15
Minnesota,MN,,56.0,,15.0,0.0,0.0,2020-04-15,2020-16
Minnesota,MN,,183.0,,29.0,0.0,0.0,2020-04-22,2020-17
Minnesota,MN,,334.0,39.0,79.0,0.0,0.0,2020-04-29,2020-18
Minnesota,MN,,428.0,43.0,83.0,0.0,0.0,2020-05-06,2020-19
Mississippi,MS,,,,0.0,0.0,0.0,2020-03-26,2020-13
Mississippi,MS,,,,,,,2020-04-08,2020-15
Mississippi,MS,,,3.0,0.0,0.0,0.0,2020-04-06,2020-15
Mississippi,MS,,20.0,3.0,4.0,,1.0,2020-04-17,2020-16
Mississippi,MS,,9.0,3.0,1.0,,1.0,2020-04-13,2020-16
Mississippi,MS,,27.0,4.0,4.0,,1.0,2020-04-27,2020-18
Mississippi,MS,43.0,37.0,7.0,4.0,0.0,1.0,2020-05-05,2020-19
Missouri,MO,,10.0,0.0,1.0,0.0,0.0,2020-03-26,2020-13
Missouri,MO,,27.0,0.0,1.0,0.0,0.0,2020-04-01,2020-14
Missouri,MO,,41.0,0.0,1.0,0.0,1.0,2020-04-08,2020-15
Missouri,MO,,49.0,4.0,1.0,0.0,1.0,2020-04-15,2020-16
Missouri,MO,,66.0,13.0,4.0,0.0,1.0,2020-04-22,2020-17
Missouri,MO,,185.0,13.0,30.0,0.0,1.0,2020-04-29,2020-18
Missouri,MO,,380.0,20.0,32.0,0.0,1.0,2020-05-06,2020-19
Montana,MT,,,,,0.0,0.0,2020-03-26,2020-13
Montana,MT,,,,,0.0,0.0,2020-04-01,2020-14
Montana,MT,,,2.0,1.0,0.0,0.0,2020-04-08,2020-15
Montana,MT,,,2.0,2.0,0.0,0.0,2020-04-15,2020-16
Montana,MT,,5.0,2.0,2.0,0.0,0.0,2020-04-22,2020-17
Montana,MT,,27.0,3.0,2.0,0.0,0.0,2020-04-29,2020-18
Montana,MT,,,3.0,2.0,0.0,0.0,2020-05-06,2020-19
Nebraska,NE,,,,,0.0,0.0,2020-03-26,2020-13
Nebraska,NE,,,,,,,2020-04-01,2020-14
Nebraska,NE,,,1.0,0.0,0.0,0.0,2020-04-09,2020-15
Nebraska,NE,,,1.0,0.0,0.0,0.0,2020-04-16,2020-16
Nebraska,NE,,,1.0,0.0,0.0,0.0,2020-04-20,2020-17
Nebraska,NE,,,3.0,0.0,0.0,0.0,2020-04-28,2020-18
Nebraska,NE,,,5.0,0.0,,0.0,2020-05-06,2020-19
Nevada,NV,,,1.0,0.0,0.0,0.0,2020-03-26,2020-13
Nevada,NV,,,2.0,0.0,0.0,0.0,2020-04-01,2020-14
Nevada,NV,,,,0.0,0.0,0.0,2020-04-08,2020-15
Nevada,NV,,,6.0,0.0,0.0,0.0,2020-04-16,2020-16
Nevada,NV,,,7.0,0.0,0.0,0.0,2020-04-22,2020-17
Nevada,NV,,39.0,9.0,0.0,0.0,0.0,2020-04-29,2020-18
Nevada,NV,,49.0,16.0,0.0,0.0,0.0,2020-05-06,2020-19
New Hampshire,NH,,3.0,0.0,0.0,0.0,0.0,2020-03-26,2020-13
New Hampshire,NH,,3.0,0.0,0.0,0.0,0.0,2020-04-01,2020-14
New Hampshire,NH,15.0,4.0,1.0,0.0,0.0,0.0,2020-04-08,2020-15
New Hampshire,NH,,6.0,3.0,0.0,0.0,0.0,2020-04-15,2020-16
New Hampshire,NH,,7.0,11.0,0.0,0.0,0.0,2020-04-22,2020-17
New Hampshire,NH,,10.0,11.0,0.0,0.0,0.0,2020-04-29,2020-18
New Hampshire,NH,,13.0,11.0,0.0,0.0,0.0,2020-05-06,2020-19
New Jersey,NJ,,,4.0,0.0,0.0,0.0,2020-03-26,2020-13
New Jersey,NJ,,8.0,26.0,0.0,0.0,0.0,2020-04-01,2020-14
New Jersey,NJ,,25.0,110.0,18.0,,,2020-04-08,2020-15
New Jersey,NJ,,,266.0,50.0,1.0,5.0,2020-04-15,2020-16
New Jersey,NJ,,128.0,427.0,92.0,2.0,16.0,2020-04-22,2020-17
New Jersey,NJ,,196.0,518.0,153.0,2.0,29.0,2020-04-29,2020-18
New Jersey,NJ,,276.0,575.0,215.0,2.0,38.0,2020-05-06,2020-19
New Mexico,NM,0.0,1.0,0.0,0.0,0.0,0.0,2020-03-26,2020-13
New Mexico,NM,,,0.0,0.0,0.0,0.0,2020-04-01,2020-14
New Mexico,NM,6.0,4.0,0.0,0.0,0.0,0.0,2020-04-08,2020-15
New Mexico,NM,7.0,5.0,0.0,0.0,0.0,0.0,2020-04-22,2020-17
New Mexico,NM,7.0,5.0,0.0,0.0,0.0,0.0,2020-04-20,2020-17
New Mexico,NM,32.0,8.0,1.0,0.0,0.0,0.0,2020-04-30,2020-18
New Mexico,NM,64.0,14.0,4.0,0.0,0.0,0.0,2020-05-06,2020-19
New York,NY,,28.0,40.0,3.0,0.0,0.0,2020-03-26,2020-13
New York,NY,,74.0,147.0,20.0,1.0,1.0,2020-04-01,2020-14
New York,NY,,176.0,381.0,62.0,1.0,2.0,2020-04-08,2020-15
New York,NY,,,664.0,160.0,1.0,5.0,2020-04-15,2020-16
New York,NY,,391.0,844.0,239.0,2.0,6.0,2020-04-22,2020-17
New York,NY,,553.0,1045.0,370.0,2.0,10.0,2020-04-29,2020-18
New York,NY,,619.0,1143.0,415.0,4.0,15.0,2020-05-06,2020-19
North Carolina,NC,,,0.0,0.0,0.0,0.0,2020-03-26,2020-13
North Carolina,NC,,101.0,,1.0,0.0,0.0,2020-04-01,2020-14
North Carolina,NC,,160.0,,12.0,0.0,0.0,2020-04-08,2020-15
North Carolina,NC,,183.0,,46.0,0.0,0.0,2020-04-15,2020-16
North Carolina,NC,,723.0,,507.0,0.0,1.0,2020-04-22,2020-17
North Carolina,NC,250.0,1143.0,29.0,596.0,0.0,2.0,2020-04-29,2020-18
North Carolina,NC,250.0,1234.0,29.0,627.0,0.0,4.0,2020-05-06,2020-19
North Dakota,ND,,12.0,1.0,0.0,0.0,0.0,2020-03-26,2020-13
North Dakota,ND,,17.0,,0.0,0.0,0.0,2020-04-01,2020-14
North Dakota,ND,,20.0,,0.0,0.0,0.0,2020-04-07,2020-15
North Dakota,ND,,28.0,2.0,0.0,0.0,0.0,2020-04-15,2020-16
North Dakota,ND,,30.0,2.0,0.0,0.0,0.0,2020-04-22,2020-17
North Dakota,ND,116.0,32.0,3.0,0.0,0.0,0.0,2020-05-01,2020-18
North Dakota,ND,,32.0,2.0,0.0,,0.0,2020-04-27,2020-18
Ohio,OH,,17.0,,0.0,0.0,0.0,2020-03-26,2020-13
Ohio,OH,,25.0,,0.0,0.0,0.0,2020-04-01,2020-14
Ohio,OH,,84.0,53.0,19.0,1.0,0.0,2020-04-08,2020-15
Ohio,OH,,1157.0,159.0,273.0,1.0,3.0,2020-04-15,2020-16
Ohio,OH,,5196.0,331.0,3792.0,1.0,14.0,2020-04-22,2020-17
Ohio,OH,,5676.0,419.0,3890.0,2.0,29.0,2020-04-29,2020-18
Ohio,OH,,6922.0,483.0,4312.0,2.0,42.0,2020-05-06,2020-19
Oklahoma,OK,,,0.0,0.0,0.0,0.0,2020-03-26,2020-13
Oklahoma,OK,,8.0,0.0,0.0,0.0,0.0,2020-04-01,2020-14
Oklahoma,OK,,,5.0,1.0,0.0,0.0,2020-04-09,2020-15
Oklahoma,OK,,309.0,8.0,1.0,0.0,0.0,2020-04-15,2020-16
Oklahoma,OK,,458.0,9.0,1.0,0.0,0.0,2020-04-21,2020-17
Oklahoma,OK,,702.0,9.0,2.0,0.0,0.0,2020-04-28,2020-18
Oklahoma,OK,,1034.0,9.0,2.0,0.0,0.0,2020-05-06,2020-19
Oregon,OR,,1.0,0.0,0.0,0.0,0.0,2020-03-26,2020-13
Oregon,OR,,14.0,1.0,0.0,0.0,0.0,2020-04-01,2020-14
Oregon,OR,,,5.0,3.0,0.0,0.0,2020-04-08,2020-15
Oregon,OR,,,10.0,5.0,0.0,0.0,2020-04-15,2020-16
Oregon,OR,,,10.0,7.0,0.0,0.0,2020-04-22,2020-17
Oregon,OR,,117.0,15.0,21.0,0.0,0.0,2020-04-29,2020-18
Oregon,OR,,243.0,21.0,44.0,0.0,0.0,2020-05-06,2020-19
Pennsylvania,PA,,,,0.0,0.0,0.0,2020-03-26,2020-13
Pennsylvania,PA,51.0,29.0,8.0,2.0,0.0,0.0,2020-04-01,2020-14
Pennsylvania,PA,89.0,42.0,16.0,7.0,0.0,0.0,2020-04-08,2020-15
Pennsylvania,PA,129.0,70.0,24.0,17.0,0.0,1.0,2020-04-15,2020-16
Pennsylvania,PA,210.0,97.0,54.0,29.0,0.0,1.0,2020-04-22,2020-17
Pennsylvania,PA,336.0,148.0,90.0,47.0,0.0,3.0,2020-04-29,2020-18
Pennsylvania,PA,411.0,327.0,127.0,143.0,0.0,3.0,2020-05-06,2020-19
Rhode Island,RI,,3.0,0.0,0.0,0.0,0.0,2020-03-26,2020-13
Rhode Island,RI,,5.0,2.0,0.0,0.0,0.0,2020-04-01,2020-14
Rhode Island,RI,,10.0,3.0,0.0,0.0,0.0,2020-04-08,2020-15
Rhode Island,RI,,16.0,5.0,0.0,0.0,0.0,2020-04-15,2020-16
Rhode Island,RI,,103.0,6.0,1.0,0.0,0.0,2020-04-22,2020-17
Rhode Island,RI,77.0,108.0,10.0,3.0,0.0,0.0,2020-04-30,2020-18
Rhode Island,RI,200.0,110.0,11.0,4.0,0.0,0.0,2020-05-06,2020-19
South Carolina,SC,,,0.0,0.0,0.0,0.0,2020-03-26,2020-13
South Carolina,SC,,,10.0,0.0,0.0,0.0,2020-04-01,2020-14
South Carolina,SC,,,21.0,0.0,0.0,0.0,2020-04-07,2020-15
South Carolina,SC,,,29.0,0.0,1.0,0.0,2020-04-15,2020-16
South Carolina,SC,,,36.0,2.0,1.0,0.0,2020-04-22,2020-17
South Carolina,SC,,,45.0,15.0,1.0,0.0,2020-04-28,2020-18
South Carolina,SC,,,56.0,42.0,1.0,2.0,2020-05-06,2020-19
South Dakota,SD,,,,1.0,,0.0,2020-03-26,2020-13
South Dakota,SD,,,,1.0,,0.0,2020-04-01,2020-14
South Dakota,SD,,,,1.0,,0.0,2020-04-08,2020-15
South Dakota,SD,,,,2.0,,0.0,2020-04-15,2020-16
South Dakota,SD,,,,2.0,,0.0,2020-04-23,2020-17
South Dakota,SD,36.0,74.0,2.0,2.0,0.0,0.0,2020-04-29,2020-18
South Dakota,SD,47.0,82.0,4.0,2.0,0.0,0.0,2020-05-06,2020-19
Tennessee,TN,0.0,0.0,0.0,0.0,0.0,0.0,2020-03-26,2020-13
Tennessee,TN,,,0.0,0.0,0.0,0.0,2020-04-01,2020-14
Tennessee,TN,,,0.0,1.0,0.0,0.0,2020-04-09,2020-15
Tennessee,TN,,69.0,0.0,7.0,0.0,0.0,2020-04-15,2020-16
Tennessee,TN,,3239.0,35.0,211.0,0.0,0.0,2020-04-22,2020-17
Tennessee,TN,,3834.0,,759.0,,0.0,2020-04-29,2020-18
Tennessee,TN,,5962.0,55.0,1959.0,0.0,1.0,2020-05-05,2020-19
Texas,TX,,25.0,2.0,1.0,0.0,0.0,2020-03-26,2020-13
Texas,TX,,59.0,13.0,3.0,0.0,0.0,2020-04-01,2020-14
Texas,TX,405.0,234.0,51.0,47.0,1.0,1.0,2020-04-08,2020-15
Texas,TX,940.0,524.0,137.0,284.0,1.0,4.0,2020-04-15,2020-16
Texas,TX,1299.0,1053.0,252.0,594.0,2.0,5.0,2020-04-22,2020-17
Texas,TX,1795.0,1697.0,381.0,1050.0,5.0,12.0,2020-04-29,2020-18
Texas,TX,2379.0,2134.0,504.0,1336.0,5.0,23.0,2020-05-06,2020-19
Utah,UT,,,,0.0,0.0,0.0,2020-03-26,2020-13
Utah,UT,,,,,,0.0,2020-04-01,2020-14
Utah,UT,,,,2.0,,0.0,2020-04-08,2020-15
Utah,UT,,,,9.0,,0.0,2020-04-15,2020-16
Utah,UT,,79.0,2.0,10.0,,0.0,2020-04-22,2020-17
Utah,UT,,95.0,2.0,10.0,,0.0,2020-04-29,2020-18
Utah,UT,,101.0,4.0,10.0,,0.0,2020-05-06,2020-19
Vermont,VT,,,,0.0,0.0,0.0,2020-03-26,2020-13
Vermont,VT,,2.0,2.0,0.0,0.0,0.0,2020-04-02,2020-14
Vermont,VT,,200.0,4.0,1.0,0.0,0.0,2020-04-09,2020-15
Vermont,VT,,206.0,18.0,33.0,0.0,0.0,2020-04-14,2020-16
Vermont,VT,,221.0,18.0,38.0,0.0,0.0,2020-04-22,2020-17
Vermont,VT,,378.0,18.0,38.0,0.0,0.0,2020-04-29,2020-18
Vermont,VT,154.0,384.0,19.0,45.0,0.0,0.0,2020-05-06,2020-19
Virginia,VA,,2.0,0.0,0.0,0.0,0.0,2020-03-26,2020-13
Virginia,VA,,,4.0,3.0,0.0,0.0,2020-04-01,2020-14
Virginia,VA,,,21.0,21.0,0.0,0.0,2020-04-09,2020-15
Virginia,VA,,,34.0,53.0,0.0,1.0,2020-04-15,2020-16
Virginia,VA,,,57.0,236.0,0.0,1.0,2020-04-22,2020-17
Virginia,VA,,,65.0,479.0,0.0,3.0,2020-04-29,2020-18
Virginia,VA,,,65.0,580.0,0.0,3.0,2020-05-06,2020-19
Washington,WA,,71.0,4.0,0.0,0.0,0.0,2020-03-26,2020-13
Washington,WA,,131.0,8.0,1.0,0.0,0.0,2020-04-01,2020-14
Washington,WA,,221.0,14.0,7.0,0.0,0.0,2020-04-08,2020-15
Washington,WA,,257.0,14.0,11.0,0.0,0.0,2020-04-15,2020-16
Washington,WA,,303.0,24.0,13.0,,,2020-04-22,2020-17
Washington,WA,,323.0,32.0,18.0,0.0,0.0,2020-04-29,2020-18
Washington,WA,,350.0,35.0,24.0,0.0,0.0,2020-05-06,2020-19
West Virginia,WV,,,0.0,0.0,0.0,0.0,2020-03-26,2020-13
West Virginia,WV,,,0.0,0.0,0.0,0.0,2020-04-01,2020-14
West Virginia,WV,,,0.0,0.0,0.0,0.0,2020-04-08,2020-15
West Virginia,WV,,,0.0,0.0,0.0,0.0,2020-04-15,2020-16
West Virginia,WV,,,,0.0,0.0,0.0,2020-04-22,2020-17
West Virginia,WV,,30.0,1.0,0.0,0.0,0.0,2020-04-29,2020-18
West Virginia,WV,,34.0,1.0,0.0,0.0,0.0,2020-05-06,2020-19
Wisconsin,WI,,,5.0,0.0,0.0,0.0,2020-03-26,2020-13
Wisconsin,WI,,,9.0,0.0,0.0,0.0,2020-04-01,2020-14
Wisconsin,WI,,91.0,11.0,4.0,0.0,0.0,2020-04-08,2020-15
Wisconsin,WI,,96.0,14.0,10.0,0.0,0.0,2020-04-15,2020-16
Wisconsin,WI,,117.0,16.0,13.0,0.0,0.0,2020-04-22,2020-17
Wisconsin,WI,,137.0,18.0,18.0,0.0,0.0,2020-04-29,2020-18
Wisconsin,WI,,155.0,23.0,20.0,0.0,0.0,2020-05-06,2020-19
Wyoming,WY,0.0,0.0,0.0,0.0,0.0,0.0,2020-03-26,2020-13
Wyoming,WY,1.0,0.0,0.0,0.0,0.0,0.0,2020-04-01,2020-14
Wyoming,WY,1.0,0.0,0.0,0.0,0.0,0.0,2020-04-08,2020-15
Wyoming,WY,8.0,14.0,1.0,0.0,0.0,0.0,2020-04-15,2020-16
Wyoming,WY,10.0,14.0,1.0,0.0,0.0,0.0,2020-04-22,2020-17
Wyoming,WY,10.0,15.0,1.0,0.0,0.0,0.0,2020-04-29,2020-18
Wyoming,WY,12.0,19.0,1.0,0.0,0.0,0.0,2020-05-08,2020-19
